date,headline,source
2026-02-23,Apple Stock: Is AAPL Underperforming the Technology Sector?,Yahoo Entertainment
2026-02-15,"Apple (AAPL)’s A Free Rider, Says Jim Cramer",Yahoo Entertainment
2026-02-14,Why Apple’s (AAPL) AI Rollout Timeline Is Raising Fresh Questions,Yahoo Entertainment
2026-02-21,"The Saturday Spread: Using Volatility Skew as a Smart Money Gauge (TGT, AAPL, ORCL)",Yahoo Entertainment
2026-02-23,AAPD’s 3.43% Yield Looks Great Until You See the 40% Hangover,24/7 Wall St.
2026-02-13,Apple Inc. (AAPL)’s Upcoming Hardware and AI Updates Keep Street Optimistic,Yahoo Entertainment
2026-03-09,"Here’s How YCG’s Strategy of Buying Cyclically Unprofitable Stock, Apple (AAPL), Has Paid Off",Yahoo Entertainment
2026-02-23,Apple’s Stock Recovery Is No Recovery At All,24/7 Wall St.
2026-02-19,"Ignore the Panic and Keep Buying Apple Stock, According to Wedbush",Barchart.com
2026-03-03,"Most Analysts Are Chasing Memory Stocks, But This 1 Wall Street Expert Thinks You Should Buy Apple Instead",Barchart.com
2026-03-09,It's Too Early To Buy the Dip in GOOG Stock Even As It Falls to Near $300,Barchart.com
2026-02-26,"Apple (AAPL) Got The Best Free Ride, Says Jim Cramer",Yahoo Entertainment
2026-03-11,UBS Maintains a Hold Rating on Apple (AAPL) As Shipmments Drop in China,Yahoo Entertainment
2026-02-19,"As Apple Tests AI Devices, Should You Buy AAPL Stock Here?",Yahoo Entertainment
2026-03-06,"Apple Just Unveiled the New iPhone 17e. Should You Buy, Sell, or Hold AAPL Stock Now?",Yahoo Entertainment
2026-03-06,OKX is building a social network directly into its trading app after massive $25 billion valuation,CoinDesk
2026-02-16,Apple (AAPL) Trading 10% Below Analyst Targets After This Week’s 8% Drop,24/7 Wall St.
2026-02-17,Apple (AAPL) Underweight Position Weighs on Relative Performance of Sands Capital Technology Innovators Fund,Yahoo Entertainment
2026-02-26,George Soros Is Doubling Down on Apple Stock. Should You Also Load Up on AAPL in 2026?,Barchart.com
2026-02-18,Why Did Buffett Dump Amazon?,24/7 Wall St.
2026-02-17,Apple stock bounces,Macdailynews.com
2026-02-26,Apple、最新のmacOS 26 TahoeやiOS/iPadOS 26、visionOS 26で「Sony Alpha ILCE-7M5 (α7 V)」デジタルカメラのRAWフォーマットをネイティブサポート。,Applech2.com
2026-02-22,米Spigen、Macintosh 128KをモチーフとしたMagSafe対応ウォレット「Classic LS MagFit Wallet」とAirPods Pro 3ケース「Classic LS AirPods Pro 3」を発売。,Applech2.com
2026-03-01,8BitDoのNintendo 64風デザインのBluetoothワイヤレスコントローラー「8BitDo 64 Bluetooth Controller for Analogue 3D」が日本でも販売開始。,Applech2.com
2026-02-24,The ghost of the iPhone: Why Michael Saylor thinks bitcoin is mirroring Apple’s legendary ‘valley of despair’,CoinDesk
2026-03-03,PFU、Rosetta 2のインストールの必要なくApple Siliconでネイティブ動作する「ScanSnap Home (Mac) v3.6.0」をリリース。,Applech2.com
2026-02-18,IBM’s Market Cap Collapse,24/7 Wall St.
2026-02-20,Microsoft、Liquid Glass対応やSwiftUIで再設計したActivity Centerなど、よりmacOSネイティブになったOneDriveクライアント「OneDrive for Mac」のInsider版を公開。,Applech2.com
2026-03-04,Apple、バグの修正に加えStudio Display (2026)とStudio Display XDRに対応する「iOS/iPadOS 26.3.1」をリリース。,Applech2.com
2026-03-04,Apple、バグの修正に加えStudio Display (2026)とStudio Display XDRに対応する「macOS Tahoe 26.3.1」をリリース。,Applech2.com
2026-02-17,"Anker Japan、一般的なスマホを約4回充電できUSB-Cケーブルを内蔵したモバイルバッテリー「Anker Zolo Power Bank (20000mAh, 22.5W, Built-In USB-Cケーブル)」のホワイトモデルを発売。",Applech2.com
2026-03-11,"Anker Japan、ポゴピンコネクタを搭載したAnker Primeシリーズのモバイルバッテリーを最大150Wで充電できる充電ベース「Anker Prime Charging Base (150W, 3 Ports)」を発売。",Applech2.com
2026-03-03,Amazonの新生活先行セールで、Western DigitalやSeagateのHDD、BuffaloやHIKSEMIのポータブルSSDがセール中。,Applech2.com
2026-02-14,Apple、macOS Tahoe 26.3やmacOS Sequoia 15.7.4アップデート後にCompressorアプリが開けない場合は脆弱性を修正した「Compressor v4.11.1」へアップデートするようにコメント。,Applech2.com
2026-02-18,Cable Matters、Activeチップを内蔵した長さ2mの「Cable Matters 80Gbps Active Thunderbolt 5 Cable」を発売。,Applech2.com
2026-02-18,Anker Japan、耳を塞がないオープンイヤー＆イヤーカフ型で片耳約5.5gと軽量なワイヤレスイヤホン「Soundcore C50i」を発売。,Applech2.com
2026-02-21,AmazonでAirTag (第2世代)やMagSafe対応ウォレット、BelkinのAirTagケース、BetasのiPhone 17 Proケースのセール、Apple Pencil Proのポイント還元キャンペーンが開催中。,Applech2.com
2026-02-25,iPhone/iPad向けにリリースされていたステルスアクションゲーム「HITMAN World of Assassination」が16GB RAM以上のApple Silicon Macに対応。,Applech2.com
2026-03-11,A18 Proチップと8GBユニファイドメモリを搭載した「MacBook Neo」でもParallels Desktopを利用したWindows 11仮想マシンの作成は可能。,Applech2.com
2026-02-27,Belkin、Qi2 25Wワイヤレス充電器とApple Watch充電器を備えコンパクトに収納可能な「Belkin UltraCharge Pro 2-in-1 変形式マグネット充電器25W」のチャコールブラックモデルを発売。,Applech2.com
2026-02-16,"Anker、昨年発売したZolo Power Bank 20Kと同じデザインでiPhone 17の高速充電に対応する45W出力のモバイルバッテリー「Anker Zolo Power Bank (20000mAh, 45W, Built-In USB-Cケーブル)」を発売。",Applech2.com
2026-02-15,macOS 26 TahoeのVisionフレームワークによる表の抽出やOpenAI、Anthropic、OllamaなどのLLMによるOCRに対応したオープンソースのMac用OCRアプリ「TRex v2.0」がリリース。,Applech2.com
2026-03-09,Belkin、Qi2 25Wワイヤレス充電器に加え、BYOPスマートウォッチホルダーでApple WatchだけでなくGalaxy WatchやPixel Watchにも対応する3-in-1ワイヤレス充電器「UltraCharge 25W モジュール式充電ドック」を発売。,Applech2.com
2026-02-27,Microsoft、macOS 26 Tahoe以降でのLiquid GlassデザインやSwiftUIで再設計したActivity Centerなど、よりmacOSネイティブに近づいたOneDriveクライアント「OneDrive for Mac」のロールアウトを開始。,Applech2.com
2026-02-24,macOS 26 Tahoeでのペン入力やSafariでの4K240Hzスクロール表示を改善しIntel Macでの不具合を修正した「DisplayLink Manager macOS v15.1.0」がリリース。,Applech2.com
2026-02-15,Belkin、Qi2 25Wワイヤレス充電器とApple Watch充電器を備えコンパクトに収納可能な「Belkin UltraCharge Pro 2-in-1 変形式マグネット充電器25W」を発売。,Applech2.com
2026-03-05,Parallels、Apple A18 Proチップを搭載したMacBook Neoは8GBメモリやファンレス仕様という制限からParallels DesktopによるWindows仮想マシンの構築には向かず、今後検証が必要だと発表。,Applech2.com
2026-02-18,Anker Japan、リスニング翻訳や対話翻訳、AIアシスタント「Hey Anka」機能をサポートしたAI特化型のオープンイヤーワイヤレスイヤホン「Soundcore AeroFit 2 AI Assistant」を発売。,Applech2.com
2026-02-19,ASUSのクリエイター向けProArtディスプレイがmacOS用「DisplayWidget Center」やMacBookのディスプレイと色域を合わせる「M-Model P3」カラーモードに対応。,Applech2.com
2026-03-03,Apple、M5 Pro/Maxチップと最大2倍高速なSSD、Thunderbolt 5、N1チップによるWi-Fi 7/Bluetooth 6をサポートした「MacBook Pro」を3月11日より発売。,Applech2.com
2026-02-23,Apple’s App Store growth is reaccelerating – Morgan Stanley,Macdailynews.com
2026-02-17,Apple stock selloff ‘unwarranted’ – Wedbush analyst Daniel Ives,Macdailynews.com
2026-02-18,Warren Buffett’s Final Investment: The Oracle Ends His Career Where He Started,24/7 Wall St.
2026-02-24,Nvidia's Earnings Are Almost Here. Here's the State of the Magnificent 7 Stocks.,Investopedia
2026-03-03,Intel (INTC) Hopes To Continue Surge And Avoid Another Disappointment,24/7 Wall St.
2026-03-03,Nasdaq files for prediction market-style options on Nasdaq-100,Cointelegraph
2026-03-05,Apple just made it easier for people to become customers,Macdailynews.com
2026-03-09,Citi reiterates a Buy rating and a $315 price target on Apple stock,Macdailynews.com
2026-02-18,Is It Too Late to Chase Masimo Stock on Major Danaher News?,Barchart.com
2026-02-25,Amazon Is Now the No. 1 Company in the World by Revenue. Does That Make AMZN Stock a Buy Here?,Barchart.com
2026-02-19,‘This conduct is despicable’: State sues Apple over providing iCloud services for ‘child porn’,Wnd.com
2026-03-07,The $200 Billion Question: Is Amazon Finally Ready to Pay a Dividend?,Barchart.com
2026-03-02,Apple shares climb amid intensifying American and Israeli military strikes against Iran,Macdailynews.com
2026-02-17,Buying stocks everyone loves is a recipe for underperformance — but Apple breaks the rule,MarketWatch
2026-02-23,The AI boom is helping Samsung and coming for Apple,Yahoo Entertainment
2026-02-20,Stocks Rebound as Supreme Court Strikes Down President Trump’s Tariffs,Barchart.com
2026-02-20,Stocks Settle Higher as SCOTUS Rejects President Trump’s Tariffs,Barchart.com
2026-02-17,Bitcoin stays pinned below $70K as BTC’s negative funding rate flashes warning sign,Cointelegraph
2026-03-07,"Billionaire Peter Thiel Dumps $74,400,000 Stake in Three Assets, Including One Warren Buffett Favorite",The Daily Hodl
2026-03-06,A $100 Billion and More Reasons to Buy Broadcom Stock Now,Barchart.com
2026-03-02,Why are there only 30 stocks in the Dow? The case for (& against) a narrow index,TheStreet
2026-02-18,Veteran analyst drops a shocker on Cisco,TheStreet
2026-02-19,Dow Jones 101: How many stocks are in the Dow in 2026?,TheStreet
2026-02-20,"Billionaire Warren Buffett Dumps $4,570,000,000 Stake in Bank of America and Amazon, Buys New Assets Ahead of Departure",The Daily Hodl
2026-03-03,Longbridge Securities Launches the World’s First Pre-Market U.S. Options Trading，Empowering Investors to Overcome Time Zone Barriers and Stay Ahead of the Market Movement,GlobeNewswire
2026-03-04,"Ray Dalio: Gold is a better option than Bitcoin, tech stocks because…",Ambcrypto.com
2026-02-17,BTCC Exchange Unveils TradFi Platform for Global Traditional Market Trading,GlobeNewswire
2026-02-15,The ultimate 4-ETF portfolio for ASX investors in 2026,Motley Fool Australia
2026-02-27,Why the iShares S&P 500 ETF could be a perfect buy and hold investment,Motley Fool Australia
2026-02-17,3 amazing ASX ETFs for beginners to buy,Motley Fool Australia
2026-03-03,The easy way to invest globally is with these ASX ETFs,Motley Fool Australia
2026-03-08,sharia-screener added to PyPI,Pypi.org
2026-03-09,MacBook Neo May Boost Revenue By 0.5% While Expanding Into Student Market – Gene Munster,Asymco.com
2026-02-17,"Berkshire Hathaway trims Apple stake, buys NYTimes stock in Buffett's last moves as CEO",CNBC
2026-02-26,"SolCex Enters Major Expansion Phase Following Two Years of Secure, Continuous Operation",GlobeNewswire
2026-03-01,New to the share market? Here are 3 ASX ETFs to buy for easy investing,Motley Fool Australia
2026-03-05,3 world-class ASX ETFs to buy and hold,Motley Fool Australia
2026-02-25,5 amazing ASX ETFs to buy and hold for 20 years,Motley Fool Australia
2026-03-05,The easy way to build a diversified ASX share portfolio,Motley Fool Australia
2026-02-21,5 low-cost ASX ETFs for a global diversified portfolio,Motley Fool Australia
2026-03-11,Just 3 ASX ETFs could build a lazy Australian millionaire portfolio,Motley Fool Australia
2026-03-05,polygon-options-puller added to PyPI,Pypi.org
2026-02-16,numin-client added to PyPI,Pypi.org
2026-02-24,edgar-parser added to PyPI,Pypi.org
2026-03-05,caracal-trading added to PyPI,Pypi.org
2026-03-10,Tech mega-bull Dan Ives shares 10 top stock picks for weathering geopolitical turmoil,Business Insider
2026-03-10,basanos added to PyPI,Pypi.org
2026-02-26,iflow-mcp_barvhaim-yfinance-mcp-server added to PyPI,Pypi.org
2026-02-14,market-data-mcp added to PyPI,Pypi.org
2026-02-24,Apple (AAPL) Stock Dips 1.1% to $245.78 as Investors Await iPhone 17 Details and Services Growth Update,Ibtimes.com.au
